Name,Link
Большая Грузинская улица,https://um.mos.ru/places/bolshaya-gruzinskaya-ulica/
Трифоновская улица,https://um.mos.ru/places/trifonovskaya-ulica/
Каток в саду имени Баумана,https://um.mos.ru/places/katok-v-sadu-imeni-baumana/
Красная площадь,https://um.mos.ru/places/krasnaya_ploshchad/
ВСХВ-ВДНХ,https://um.mos.ru/places/vskhv_vdnkh/
Тверская улица,https://um.mos.ru/places/tverskaya_ulitsa/
Никольская улица,https://um.mos.ru/places/nikolskaya_ulitsa/
Улица Арбат,https://um.mos.ru/places/ulitsa_arbat/
Нескучный сад,https://um.mos.ru/places/neskuchnyy_sad/
Усадьба Царицыно,https://um.mos.ru/places/usadba_tsaritsyno/
Воробьёвы горы,https://um.mos.ru/places/vorobyevy_gory/
Лефортовский парк,https://um.mos.ru/places/lefortovskiy_park/
Новоспасский пруд,https://um.mos.ru/places/novospasskiy-prud/
Пруд Керкова,https://um.mos.ru/places/prud-kerkova/
Москва-Сити,https://um.mos.ru/places/moskva-siti/
Парк «Пальмира»,https://um.mos.ru/places/park-palmira/
Парк «Четыре стихии»,https://um.mos.ru/places/park-chetyre-stikhii/
"""Новый Воздушный Сад"" садового мастера К.С. Унгебауера",https://um.mos.ru/places/novyy-vozdushnyy-sad-sadovogo-mastera-k-s-ungebauera/
Народный парк «Дубрава»,https://um.mos.ru/places/narodnyy-park-dubrava/
Нижний Кисловский переулок,https://um.mos.ru/places/nizhniy-kislovskiy-pereulok/
Воздушный сад,https://um.mos.ru/places/vozdushnyy-sad/
Улица Новый Арбат,https://um.mos.ru/places/ulitsa_novyy_arbat/
Сквер Дивизий Московского Народного Ополчения,https://um.mos.ru/places/skver-diviziy-moskovskogo-narodnogo-opolcheniya/
Парк «Березовая роща»,https://um.mos.ru/places/park-berezovaya-roshcha/
Улица Остоженка,https://um.mos.ru/places/ulitsa_ostozhenka/
Измайловский парк,https://um.mos.ru/places/izmaylovskiy_park/
Улица Пречистенка,https://um.mos.ru/places/ulitsa_prechistenka/
Площадь Покровские ворота,https://um.mos.ru/places/pokrovskie_vorota/
Захарьинская улица,https://um.mos.ru/places/zakharinskaya-ulitsa/
Проезд Серебрякова,https://um.mos.ru/places/proezd-serebryakova/
Улица Милашенкова,https://um.mos.ru/places/ulitsa-milashenkova/
Улица Комдива Орлова,https://um.mos.ru/places/ulitsa-komdiva-orlova/
Улица Кузнецкий мост,https://um.mos.ru/places/kuznetskiy_most_/
Мясницкая улица,https://um.mos.ru/places/myasnitskaya_ulitsa/
Тверской бульвар,https://um.mos.ru/places/tverskoy_bulvar/
Улица Молодцова,https://um.mos.ru/places/ulitsa-molodtsova/
Улица Докукина,https://um.mos.ru/places/ulitsa-dokukina/
Улица летчика Спирина,https://um.mos.ru/places/ulitsa-letchika-spirina/
Александровский сад,https://um.mos.ru/places/aleksandrovskiy_sad/
Пятницкая улица,https://um.mos.ru/places/pyatnitskaya_ulitsa/
Замоскворечье,https://um.mos.ru/places/zamoskvoreche/
Столешников переулок,https://um.mos.ru/places/stoleshnikov_pereulok_/
Улица Бориса Галушкина,https://um.mos.ru/places/ulitsa-borisa-galushkina/
Улица Годовикова,https://um.mos.ru/places/ulitsa-godovikova/
Улица Бочкова,https://um.mos.ru/places/ulitsa-bochkova/
Сретенка,https://um.mos.ru/places/sretenka/
Хамовники,https://um.mos.ru/places/khamovniki/
Улица Инессы Арманд,https://um.mos.ru/places/ulitsa-inessy-armand/
Улица Генерала Артемьева,https://um.mos.ru/places/ulitsa-generala-artemeva/
Швивая горка,https://um.mos.ru/places/shvivaya_gorka/
Театральная площадь,https://um.mos.ru/places/teatralnaya_ploshchad/
Улица Варварка,https://um.mos.ru/places/ulitsa_varvarka/
Проспект Маршала Жукова,https://um.mos.ru/places/prospekt-marshala-zhukova/
Улица Героев Панфиловцев,https://um.mos.ru/places/ulitsa-geroev-panfilovtsev/
Лефортово,https://um.mos.ru/places/lefortovo/
Улица Зенитчиков,https://um.mos.ru/places/ulitsa-zenitchikov/
Улица Фомичевой,https://um.mos.ru/places/ulitsa-fomichevoy/
Манежная площадь,https://um.mos.ru/places/manezhnaya_ploshchad/
Цветной бульвар,https://um.mos.ru/places/tsvetnoy_bulvar/
Триумфальная площадь,https://um.mos.ru/places/triumfalnaya_ploshchad/
Большая Ордынка,https://um.mos.ru/places/bolshaya_ordynka/
Улица Маросейка,https://um.mos.ru/places/ulitsa_maroseyka/
Камергерский переулок,https://um.mos.ru/places/kamergerskiy_pereulok/
Улица Маршала Рыбалко,https://um.mos.ru/places/ulitsa-marshala-rybalko/
Улица Старая Басманная,https://um.mos.ru/places/ulitsa_staraya_basmannaya/
Центральный парк культуры и отдыха имени М. Горького,https://um.mos.ru/places/tsentralnyy_park_kultury_i_otdykha_im_gorkogo/
Большая Никитская улица,https://um.mos.ru/places/bolshaya_nikitskaya_ulitsa/
Главный ботанический сад Российской Академии наук им. Цицина,https://um.mos.ru/places/glavnyy_botanicheskiy_sad_rossiyskoy_akademii_nauk_im_tsitsina/
Улица Маршала Соколовского,https://um.mos.ru/places/ulitsa-marshala-sokolovskogo/
Улица Спиридоновка,https://um.mos.ru/places/ulitsa_spiridonovka/
Парк Трубецких в Хамовниках,https://um.mos.ru/places/park_trubetskikh_v_khamovnikakh/
Петровский парк,https://um.mos.ru/places/petrovskiy_park/
Таганский детский парк им. Н.Н. Прямикова,https://um.mos.ru/places/taganskiy_detskiy_park_im_n_n_pryamikova/
Улица Покровка,https://um.mos.ru/places/ulitsa_pokrovka/
Старая площадь,https://um.mos.ru/places/staraya_ploshchad/
Улица Паршина,https://um.mos.ru/places/ulitsa-parshina/
Улица Маршала Новикова,https://um.mos.ru/places/ulitsa-marshala-novikova/
Улица Ильинка,https://um.mos.ru/places/ulitsa_ilinka/
Улица Маршала Прошлякова,https://um.mos.ru/places/ulitsa-marshala-proshlyakova/
Завод Цинделя в Дербенях,https://um.mos.ru/places/zavod_tsindelya_v_derbenyakh/
Парк Сокольники,https://um.mos.ru/places/park_sokolniki/
Поварская улица,https://um.mos.ru/places/povarskaya_ulitsa/
Сад «Эрмитаж»,https://um.mos.ru/places/sad_ermitazh_/
Улица Воздвиженка,https://um.mos.ru/places/ulitsa_vozdvizhenka/
Моховая улица,https://um.mos.ru/places/mokhovaya_ulitsa/
Улица Рождественка,https://um.mos.ru/places/ulitsa_rozhdestvenka_/
Улица Солянка,https://um.mos.ru/places/ulitsa_solyanka/
Покровский бульвар,https://um.mos.ru/places/pokrovskiy_bulvar/
Неглинная улица,https://um.mos.ru/places/neglinnaya_ulitsa_/
Тверская площадь,https://um.mos.ru/places/tverskaya_ploshchad/
Никитский бульвар,https://um.mos.ru/places/nikitskiy_bulvar/
Трубная площадь,https://um.mos.ru/places/trubnaya_ploshchad/
Усадьба Знаменское-Садки,https://um.mos.ru/places/usadba_znamenskoe_sadki/
Большой Харитоньевский переулок,https://um.mos.ru/places/bolshoy_kharitonevskiy_pereulok/
Усадьба Петровское-Разумовское,https://um.mos.ru/places/usadba_petrovskoe_razumovskoe/
Нагатинская набережная,https://um.mos.ru/places/nagatinskaya-naberezhnaya/
Чистопрудный бульвар,https://um.mos.ru/places/chistoprudnyy_bulvar/
Таганский район,https://um.mos.ru/places/taganskiy_rayon/
Преображенка,https://um.mos.ru/places/preobrazhenka/
Площадь Красные ворота,https://um.mos.ru/places/ploshchad_krasnye_vorota/
Улица Воронцово Поле,https://um.mos.ru/places/ulitsa_vorontsovo_pole/
Детский Черкизовский парк,https://um.mos.ru/places/detskiy-cherkizovskiy-park/
Михайловский сад,https://um.mos.ru/places/mikhaylovskiy_sad/
Улица Большая Лубянка,https://um.mos.ru/places/ulitsa_bolshaya_lubyanka/
Гончарная улица,https://um.mos.ru/places/goncharnaya_ulitsa/
Пушкинская площадь,https://um.mos.ru/places/pushkinskaya_ploshchad/
Коломенская набережная,https://um.mos.ru/places/kolomenskaya-naberezhnaya/
Усадьба Свиблово,https://um.mos.ru/places/usadba_sviblovo/
Улица Большая Бронная,https://um.mos.ru/places/ulitsa_bolshaya_bronnaya/
Сретенский бульвар,https://um.mos.ru/places/sretenskiy_bulvar/
Улица Лескова,https://um.mos.ru/places/ulitsa-leskova/
Улица Большая Полянка,https://um.mos.ru/places/ulitsa_bolshaya_polyanka/
Девичье Поле,https://um.mos.ru/places/deviche_pole/
Проспект Академика Сахарова,https://um.mos.ru/places/prospekt_akademika_sakharova/
Хитровская площадь,https://um.mos.ru/places/khitrovskaya_ploshchad_/
Страстной бульвар,https://um.mos.ru/places/strastnoy_bulvar/
Улица Петровка,https://um.mos.ru/places/ulitsa_petrovka_/
Морозовский сад,https://um.mos.ru/places/morozovskiy_sad/
Таганская площадь,https://um.mos.ru/places/taganskaya_ploshchad/
Рождественский бульвар,https://um.mos.ru/places/rozhdestvenskiy_bulvar_/
Коломенское,https://um.mos.ru/places/kolomenskoe/
Большая Якиманка,https://um.mos.ru/places/bolshaya_yakimanka/
Большая Садовая улица,https://um.mos.ru/places/bolshaya_sadovaya_ulitsa/
Улица Волхонка,https://um.mos.ru/places/ulitsa_volkhonka/
Николоямская улица,https://um.mos.ru/places/nikoloyamskaya_ulitsa/
Тверской район,https://um.mos.ru/places/tverskoy_rayon/
Сад «Аквариум»,https://um.mos.ru/places/sad_akvarium/
Хохловская площадь,https://um.mos.ru/places/khokhlovskaya_ploshchad/
Рыбный переулок,https://um.mos.ru/places/rybnyy-pereulok/
Парк «Музеон»,https://um.mos.ru/places/park_muzeon/
Гоголевский бульвар,https://um.mos.ru/places/gogolevskiy_bulvar/
Набережная Шитова,https://um.mos.ru/places/naberezhnaya-shitova/
Новокузнецкая улица,https://um.mos.ru/places/novokuznetskaya_ulitsa/
Новая площадь,https://um.mos.ru/places/novaya_ploshchad/
Басманный район,https://um.mos.ru/places/basmannyy_rayon/
Софийская набережная,https://um.mos.ru/places/sofiyskaya_naberezhnaya/
Район Якиманка,https://um.mos.ru/places/rayon_yakimanka/
Театральный проезд,https://um.mos.ru/places/teatralnyy-proezd/
Пресненский район,https://um.mos.ru/places/presnenskiy_rayon/
Парк «Отрадное»,https://um.mos.ru/places/park-otradnoe/
Кадашевская слобода,https://um.mos.ru/places/kadashevskaya_sloboda/
Арбатская площадь,https://um.mos.ru/places/arbatskaya_ploshchad/
Улица Малая Ордынка,https://um.mos.ru/places/ulitsa_malaya_ordynka/
Усадьба Кузьминки,https://um.mos.ru/places/usadba_kuzminki/
Территория Московского университета,https://um.mos.ru/places/moskovskiy_universitet_ul_mokhovaya_dd_9_11/
Третьяковский проезд,https://um.mos.ru/places/tretyakovskiy-proezd/
Улица Охотный ряд,https://um.mos.ru/places/ulitsa_okhotnyy_ryad/
Екатерининский парк,https://um.mos.ru/places/ekaterininskiy-park/
Улица Малая Дмитровка,https://um.mos.ru/places/ulitsa_malaya_dmitrovka/
Большая Сухаревская площадь,https://um.mos.ru/places/bolshaya_sukharevskaya_ploshchad/
Берсеневская набережная,https://um.mos.ru/places/bersenevskaya_naberezhnaya/
Арбат,https://um.mos.ru/places/arbat/
Площадь Тверская застава,https://um.mos.ru/places/ploshchad_tverskaya_zastava/
Ильинский сквер,https://um.mos.ru/places/ilinskiy_skver/
Смоленская площадь,https://um.mos.ru/places/smolenskaya_ploshchad/
Милютинский сад,https://um.mos.ru/places/milyutinskiy_sad/
Екатерининский сад,https://um.mos.ru/places/ekaterininskiy_sad/
Улица Хачатуряна,https://um.mos.ru/places/ulitsa-khachaturyana/
Мемориально-парковый комплекс героев Первой Мировой войны,https://um.mos.ru/places/bratskoe_kladbishche/
Парк «Зарядье»,https://um.mos.ru/places/park_zaryade_/
Новая Басманная улица,https://um.mos.ru/places/novaya_basmannaya_ulitsa/
Коровий вал,https://um.mos.ru/places/koroviy_val/
Площадь Васильевский спуск,https://um.mos.ru/places/ploshchad_vasilevskiy_spusk/
Московский зоопарк,https://um.mos.ru/places/moskovskiy_zoopark/
Садовая–Кудринская улица,https://um.mos.ru/places/sadovaya_kudrinskaya_ulitsa/
Ботанический сад МГУ на Проспекте мира,https://um.mos.ru/places/botanicheskiy_sad_mgu_na_prospekte_mira/
Площадь Кропоткинские ворота,https://um.mos.ru/places/ploshchad_kropotkinskie_vorota/
Славянская площадь,https://um.mos.ru/places/slavyanskaya_ploshchad/
Кудринская площадь,https://um.mos.ru/places/kudrinskaya_ploshchad/
"Леоновский парк (""Сад Будущего"")",https://um.mos.ru/places/leonovskiy_park/
Овчинная слобода в Замоскворечье,https://um.mos.ru/places/ovchinnaya_sloboda_v_zamoskvoreche/
Яузский бульвар,https://um.mos.ru/places/yauzskiy_bulvar/
Сад им. Н. Э. Баумана,https://um.mos.ru/places/sad_im_n_e_baumana/
Петровский бульвар,https://um.mos.ru/places/petrovskiy_bulvar/
Раушская набережная,https://um.mos.ru/places/raushskaya_naberezhnaya/
Ясенево,https://um.mos.ru/places/yasenevo/
Мещанский район,https://um.mos.ru/places/meshchanskiy_rayon/
Улица Забелина,https://um.mos.ru/places/ulitsa_zabelina/
"Ансамбль ""Кусково""",https://um.mos.ru/places/ansambl_kuskovo/
Петровские ворота площадь,https://um.mos.ru/places/petrovskie_vorota_ploshchad/
Литературный дворик «Басни Крылова»,https://um.mos.ru/places/literaturnyy-dvorik-basni-krylova/
Парк Красная Пресня,https://um.mos.ru/places/park_krasnaya_presnya/
Сыромятники,https://um.mos.ru/places/syromyatniki/
Улица Знаменка,https://um.mos.ru/places/ulitsa_znamenka/
Кисловская слобода,https://um.mos.ru/places/kislovskaya_sloboda/
Красносельский район,https://um.mos.ru/places/krasnoselskiy_rayon/
Площадь Сретенские ворота,https://um.mos.ru/places/ploshchad_sretenskie_vorota/
Зубовский бульвар,https://um.mos.ru/places/zubovskiy_bulvar/
Улица Народного Ополчения,https://um.mos.ru/places/ulitsa-narodnogo-opolcheniya/
Площадь Мясницкие Ворота,https://um.mos.ru/places/ploshchad_myasnitskie_vorota/
ГАУК «Поклонная гора» (Парк Победы),https://um.mos.ru/places/gauk-poklonnaya-gora-park-pobedy/
Садовая-Самотечная улица,https://um.mos.ru/places/sadovaya_samotechnaya_ulitsa/
Улица Малая Лубянка,https://um.mos.ru/places/ulitsa_malaya_lubyanka/
"Жилой комплекс ""Усачевка""",https://um.mos.ru/places/zhiloy_kompleks_usachevka/
Улица Кедрова,https://um.mos.ru/places/ulitsa_kedrova_/
Яузская улица,https://um.mos.ru/places/yauzskaya_ulitsa/
Село Ростокино на Троицкой дороге,https://um.mos.ru/places/selo_rostokino_na_troitskoy_doroge/
Зеленый лабиринт в Ландшафтном парке ВДНХ,https://um.mos.ru/places/zelenyy-labirint-v-landshaftnom-parke-vdnkh/
Верхняя Радищевская улица,https://um.mos.ru/places/verkhnyaya_radishchevskaya_ulitsa/
Подсосенский переулок,https://um.mos.ru/places/usadba_morozovykh/
Парк Декабрьского восстания,https://um.mos.ru/places/park_dekabrskogo_vosstaniya/
Яузские ворота площадь,https://um.mos.ru/places/yauzskie_vorota_ploshchad/
Изумрудная улица,https://um.mos.ru/places/izumrudnaya_ulitsa/
Лубянский проезд,https://um.mos.ru/places/lubyanskiy_proezd/
Кремлёвская набережная,https://um.mos.ru/places/kremlyevskaya-naberezhnaya/
Садовая-Черногрязская улица,https://um.mos.ru/places/sadovaya_chernogryazskaya_ulitsa/
Садовая-Сухаревская улица,https://um.mos.ru/places/sadovaya_sukharevskaya_ulitsa/
Тайнинская улица,https://um.mos.ru/places/tayninskaya_ulitsa/
Соймоновский проезд,https://um.mos.ru/places/soymonovskiy_proezd_/
Природно-исторический парк «Битцевский лес»,https://um.mos.ru/places/prirodno-istoricheskiy-park-bittsevskiy-les/
Малая Якиманка,https://um.mos.ru/places/malaya_yakimanka/
Улица Малая Полянка,https://um.mos.ru/places/ulitsa_malaya_polyanka/
Садовая-Каретная улица,https://um.mos.ru/places/sadovaya_karetnaya_ulitsa/
"улицы Южная, Первомайская, Полевая и Мезенская",https://um.mos.ru/places/ulitsy_yuzhnaya_pervomayskaya_polevaya_i_mezenskaya/
"Природно-исторический парк ""Кузьминки-Люблино""",https://um.mos.ru/places/prirodno-istoricheskiy-park-kuzminki-lyublino/
Чистые пруды,https://um.mos.ru/places/chistye-prudy/
Осташковская улица,https://um.mos.ru/places/ostashkovskaya_ulitsa/
Минусинская улица,https://um.mos.ru/places/minusinskaya_ulitsa/
Долина реки Сетунь,https://um.mos.ru/places/dolina-reki-setun/
Парк «Останкино»,https://um.mos.ru/places/park-ostankino/
Владыкино,https://um.mos.ru/places/vladykino/
Мичуринский проспект,https://um.mos.ru/places/michurinskiy-prospekt/
Таёжная улица,https://um.mos.ru/places/tayezhnaya_ulitsa/
Молодежный жилой комплекс Зеленограда,https://um.mos.ru/places/molodezhnyy-zhiloy-kompleks-zelenograda/
Фестивальная площадка на Матвеевской улице,https://um.mos.ru/places/festivalnaya-ploshchadka-na-matveevskoy-ulitse/
Парк «Ходынское поле»,https://um.mos.ru/places/park-khodynskoe-pole/
Сквер имени Анны Герман,https://um.mos.ru/places/skver-imeni-anny-german/
Парк «Филатов луг»,https://um.mos.ru/places/park-filatov-lug/
Большой Очаковский пруд,https://um.mos.ru/places/bolshoy-ochakovskiy-prud/
Чёрное озеро в Зеленограде,https://um.mos.ru/places/chyernoe-ozero-v-zelenograde/
Сквер Майи Плисецкой,https://um.mos.ru/places/skver-mayi-plisetskoy/
Зона отдыха возле реки Очаковки (Очаковский парк),https://um.mos.ru/places/zona-otdykha-vozle-reki-ochakovki-ochakovskiy-park/
Малая Бронная улица,https://um.mos.ru/places/malaya-bronnaya/
Таймырская улица,https://um.mos.ru/places/taymyrskaya_ulitsa/
Парк «Рассказовка»,https://um.mos.ru/places/park-rasskazovka/
Парк «Говоровский лес»,https://um.mos.ru/places/park-govorovskiy-les/
Вольерный комплекс «Дом лани» в Зеленограде,https://um.mos.ru/places/volernyy-kompleks-dom-lani-v-zelenograde/
Парк на набережной Москвы-реки в Капотне,https://um.mos.ru/places/park-na-naberezhnoy-moskvy-reki-v-kapotne/
Комсомольская площадь,https://um.mos.ru/places/komsomolskaya-ploshchad/
Ландшафтный парк ВДНХ,https://um.mos.ru/places/landshaftnyy-park-vdnkh/
Парк 40-летия Победы в Зеленограде,https://um.mos.ru/places/park-40-letiya-pobedy-v-zelenograde/
Голицынский пруд,https://um.mos.ru/places/golitsynskiy-prud/
Парк Северного речного вокзала,https://um.mos.ru/places/park-severnogo-rechnogo-vokzala/
Большой Воронцовский пруд,https://um.mos.ru/places/bolshoy-vorontsovskiy-prud/
Улица Маршала Мерецкова,https://um.mos.ru/places/ulitsa-marshala-meretskova/
Улица Расковой,https://um.mos.ru/places/ulitsa-raskovoy/
Улица Маршала Малиновского,https://um.mos.ru/places/ulitsa-marshala-malinovskogo/
Лужники,https://um.mos.ru/places/luzhniki/
Хавско-Шаболовский жилмассив,https://um.mos.ru/places/khavsko-shabolovskiy-zhilmassiv/
Парк «Хованская дубрава»,https://um.mos.ru/places/park-hovanskaya-dubrava/
Улица Маши Порываевой,https://um.mos.ru/places/ulitsa-mashi-poryvaevoy/
Улица Гастелло,https://um.mos.ru/places/ulitsa-gastello/
Московская окружная железная дорога,https://um.mos.ru/places/moskovskaya-okruzhnaya-zheleznaya-doroga/
"Улица Талалихина (ЦАО,ЮВАО)",https://um.mos.ru/places/ulitsa-talalikhina/
Воздушная экотропа в Ландшафтном парке ВДНХ,https://um.mos.ru/places/vozdushnaya-ekotropa-v-landshaftnom-parke-vdnkh/
Этнографическая деревня Бибирево,https://um.mos.ru/places/etnograficheskaya-derevnya-bibirevo/
Серебряный Бор,https://um.mos.ru/places/serebryanyy-bor/
Щукинский парк,https://um.mos.ru/places/shchukinskiy-park/
Улица Высоцкого,https://um.mos.ru/places/ulitsa-vysotskogo/
Старый Сиреневый сад Л.А. Колесникова,https://um.mos.ru/places/staryy-sirenevyy-sad-l-a-kolesnikova/
Парк Света,https://um.mos.ru/places/park-sveta/
"Дубрава в парке ""Усадьба Воронцово""",https://um.mos.ru/places/dubrava/
Дубовая роща - памятник природы,https://um.mos.ru/places/dubovaya-roshcha-pamyatnik-prirody/
Каток в Парке Горького,https://um.mos.ru/places/katok-cpkio-im-m-gorkogo/
"Парк ""Усадьба Воронцово""",https://um.mos.ru/places/park-usadba-vorontsovo/
Мичуринский сад,https://um.mos.ru/places/michurinskiy-sad/
Площадь Гагарина,https://um.mos.ru/places/ploshchad-gagarina/
Лялин переулок,https://um.mos.ru/places/lyalin-pereulok/
Голицынский сад,https://um.mos.ru/places/golitsynskiy-sad/
Улица Зои и Александра Космодемьянских,https://um.mos.ru/places/ulitsa-zoi-i-aleksandra-kosmodemyanskikh/
Парк на правом берегу реки Десны,https://um.mos.ru/places/park-na-pravom-beregu-reki-desny/
Улица Александра Лукьянова,https://um.mos.ru/places/ulitsa-aleksandra-lukyanova/
Парк «Пыхтино»,https://um.mos.ru/places/park-pyhtino/
Гончаровский парк,https://um.mos.ru/places/park-na-ul-rustaveli/
Новодевичьи пруды,https://um.mos.ru/places/novodevichi-prudy/
Зеленоградский Дендропарк,https://um.mos.ru/places/zelenogradskiy-dendropark/
Заводской пруд в Капотне,https://um.mos.ru/places/zavodskoy-prud-v-kapotne/
Круглый пруд (Лодочная станция),https://um.mos.ru/places/kruglyy-prud-lodochnaya-stantsiya/
Каток в парке «Сокольники»,https://um.mos.ru/places/katok-v-sokolnikah/
Парк Дружбы,https://um.mos.ru/places/park-druzhby/
Скейт-парк в Капотне,https://um.mos.ru/places/skeyt-park-v-kapotne/
Парк «Марьино»,https://um.mos.ru/places/park-marino/
Новопушкинский сквер,https://um.mos.ru/places/novopushkinskiy-skver/
Улица Тимура Фрунзе,https://um.mos.ru/places/ulitsa-timura-frunze/
Парк скульптур Коненкова,https://um.mos.ru/places/park-skulptur-konenkova/
Бирюлевский дендропарк,https://um.mos.ru/places/biryulevskiy-dendropark/
Экспозиция «Розарий» Главного ботанического сада им. Н.В. Цицина РАН,https://um.mos.ru/places/ekspozitsiya-rozariy-glavnogo-botanicheskogo-sada-im-n-v-tsitsina-ran/
Филёвский парк,https://um.mos.ru/places/park-fili/
Улица Лётчика Бабушкина,https://um.mos.ru/places/ulitsa-lyetchika-babushkina/
Спортивный парк «Десеновское»,https://um.mos.ru/places/sportivnyy-park-desenovskoe/
Большой Садовый пруд,https://um.mos.ru/places/bolshoy-sadovyy-prud/
Река Чурилиха,https://um.mos.ru/places/reka-churilikha/
Каток в саду «Эрмитаж»,https://um.mos.ru/places/katok-v-sadu-ermitazh/
Переулок Сивцев Вражек,https://um.mos.ru/places/pereulok-sivtsev-vrazhek/
Улица Павла Фитина,https://um.mos.ru/places/ulitsa-pavla-fitina/
Улица Ефремова,https://um.mos.ru/places/ulitsa-efremova/
Площадь Цезаря Куникова,https://um.mos.ru/places/ploshchad-tsezarya-kunikova/
Никольский пруд,https://um.mos.ru/places/nikolskiy-prud/
Улица Черняховского,https://um.mos.ru/places/ulitsa-chernyakhovskogo/
Улица Ирины Левченко,https://um.mos.ru/places/ulitsa-iriny-levchenko/
Улица Маршала Катукова,https://um.mos.ru/places/ulitsa-marshala-katukova/
Бульвар Маршала Рокоссовского,https://um.mos.ru/places/bulvar-marshala-rokossovskogo/
Улица Плющиха,https://um.mos.ru/places/ulitsa-plyushchikha/
Улица Маршала Конева,https://um.mos.ru/places/ulitsa-marshala-koneva/
Лианозовский питомник,https://um.mos.ru/places/lianozovskiy-pitomnik/
«Солнце Москвы»,https://um.mos.ru/places/solnce-moskvy/
Каток в Измайловском парке,https://um.mos.ru/places/katok-v-izmaylovskom-parke/
Улица Татьяны Макаровой,https://um.mos.ru/places/ulitsa-tatyany-makarovoy/
Марьина роща,https://um.mos.ru/places/marina-roshcha/
Улица Рудневой,https://um.mos.ru/places/ulitsa-rudnevoy/
Район Песчаных улиц,https://um.mos.ru/places/rayon-peschanykh-ulits/
Наташина березовая роща,https://um.mos.ru/places/natashina-berezovaya-roshcha/
Люблинские пруды,https://um.mos.ru/places/lyublinskie-prudy/
Улица Зорге,https://um.mos.ru/places/ulitsa-zorge/
Парк «Площадь часов» в Зеленограде,https://um.mos.ru/places/park-ploshchad-chasov-v-zelenograde/
Улица Маршала Шапошникова,https://um.mos.ru/places/ulitsa-marshala-shaposhnikova/
Улица Сергея Макеева,https://um.mos.ru/places/ulitsa-sergeya-makeeva/
Газетный переулок,https://um.mos.ru/places/gazetnyy-pereulok/
Парк «Покровское-Стрешнево»: бобровые хатки и трамплины,https://um.mos.ru/places/park-pokrovskoe-streshnevo-bobrovye-khatki-i-trampliny/
Народный парк «Панфиловский»,https://um.mos.ru/places/narodnyy-park-panfilovskiy/
Улица Лизы Чайкиной,https://um.mos.ru/places/ulitsa-lizy-chaykinoy/
Улица Степана Супруна,https://um.mos.ru/places/ulitsa-stepana-supruna/
Улица Екатерины Будановой,https://um.mos.ru/places/ulitsa-ekateriny-budanovoy/
Парк 850-летия Москвы,https://um.mos.ru/places/park-850-letiya-moskvy/
Улица Достоевского,https://um.mos.ru/places/ulitsa-dostoevskogo/
Улица Маршала Бирюзова,https://um.mos.ru/places/ulitsa-marshala-biryuzova/
Улица Серёгина,https://um.mos.ru/places/ulitsa-seregina/
Трёхпрудный переулок,https://um.mos.ru/places/trehprudnyy-pereulok/
Комсомольский проспект,https://um.mos.ru/places/komsomolskiy-prospekt/
Проспект Вернадского,https://um.mos.ru/places/prospekt-vernadskogo/
Родионовская улица,https://um.mos.ru/places/rodionovskaya-ulitsa/
Смотровая площадка-амфитеатр у воды в Ландшафтном парке ВДНХ,https://um.mos.ru/places/smotrovaya-ploshchadka-amfiteatr-u-vody-v-landshaftnom-parke-vdnkh/
Улица Маршала Захарова,https://um.mos.ru/places/ulitsa-marshala-zakharova/
Площадь Марины Расковой,https://um.mos.ru/places/ploshchad-mariny-raskovoy/
Улица Покрышкина,https://um.mos.ru/places/ulitsa-pokryshkina/
Проспект Будённого,https://um.mos.ru/places/prospekt-budyennogo/
Переулок Расковой,https://um.mos.ru/places/pereulok-raskovoy/
Эко-тропа «В гармонии с природой»,https://um.mos.ru/places/eko-tropa-v-garmonii-s-prirodoy/
Улица Мастеркова,https://um.mos.ru/places/ulitsa-masterkova/
Улица Викторенко,https://um.mos.ru/places/ulitsa-viktorenko/
Улица Наташи Ковшовой,https://um.mos.ru/places/ulitsa-natashi-kovshovoy/
Сквер «Флейта» в Зеленограде,https://um.mos.ru/places/skver-fleyta-v-zelenograde/
Площадь Разгуляй,https://um.mos.ru/places/ploshchad-razgulyay/
Парк у набережной реки Цыганки,https://um.mos.ru/places/park-u-naberezhnoy-reki-cyganki/
Сквер Гвардии Полковника Ерастова,https://um.mos.ru/places/skver-gvardii-polkovnika-erastova/
Улица Жуковского,https://um.mos.ru/places/ulitsa-zhukovskogo/
Улица Доватора,https://um.mos.ru/places/ulitsa-dovatora/
Улица Климашкина,https://um.mos.ru/places/ulitsa-klimashkina/
Культурно-деловой кластер “Басманный двор”,https://um.mos.ru/places/kulturno-delovoy-klaster-basmannyy-dvor/
Улица Лестева,https://um.mos.ru/places/ulitsa-lesteva/
Сквер им. А.П. Чехова,https://um.mos.ru/places/skver-im-a-p-chekhova/
Улица Петра Романова,https://um.mos.ru/places/ulitsa-petra-romanova/
Улица Мусы Джалиля,https://um.mos.ru/places/ulitsa-musy-dzhalilya/
Сквер с альпийской горкой в Зеленограде,https://um.mos.ru/places/skver-s-alpiyskoy-gorkoy-v-zelenograde/
Улица Берзарина,https://um.mos.ru/places/ulitsa-berzarina/
Улица Авиаконструктора Микояна,https://um.mos.ru/places/ulitsa-aviakonstruktora-mikoyana/
Улица Артамонова,https://um.mos.ru/places/ulitsa-artamonova/
Площадь Кима Филби,https://um.mos.ru/places/ploshchad-kima-filbi/
Улица Костикова,https://um.mos.ru/places/ulitsa-kostikova/
Парк в пойме реки Битцы,https://um.mos.ru/places/park-v-poyme-reki-bittsy/
Улица Марии Поливановой,https://um.mos.ru/places/ulitsa-marii-polivanovoy/
Улица Генерала Белобородова,https://um.mos.ru/places/ulitsa-generala-beloborodova/
Улица Лобачика,https://um.mos.ru/places/ulitsa-lobachika/
Улица Алексея Свиридова,https://um.mos.ru/places/ulitsa-alekseya-sviridova/
Улица Гризодубовой,https://um.mos.ru/places/ulitsa-grizodubovoy/
Аллея Космонавтов,https://um.mos.ru/places/alleya-kosmonavtov/
Улица Маршала Василевского,https://um.mos.ru/places/ulitsa-marshala-vasilevskogo/
Улица Генерала Кузнецова,https://um.mos.ru/places/ulitsa-generala-kuznetsova/
Просянская плотина (дамба),https://um.mos.ru/places/prosyanskaya-plotina-damba/
Улица Кравченко,https://um.mos.ru/places/ulitsa-kravchenko/
Улица Кантемировская,https://um.mos.ru/places/ulitsa-kantemirovskaya/
Садовая-Триумфальная улица,https://um.mos.ru/places/sadovaya-triumfalnaya-ulitsa/
Кривоарбатский переулок,https://um.mos.ru/places/krivoarbatskiy-pereulok/
Улица Бориса Жигуленкова,https://um.mos.ru/places/ulitsa-borisa-zhigulenkova/
Улица Маршала Неделина,https://um.mos.ru/places/ulitsa-marshala-nedelina/
Улица Гришина,https://um.mos.ru/places/ulitsa-grishina/
Улица Маршала Тимошенко,https://um.mos.ru/places/ulitsa-marshala-timoshenko/
Улица Федора Полетаева,https://um.mos.ru/places/ulitsa-fedora-poletaeva/
Сквер на Спортивной улице,https://um.mos.ru/places/skver-na-sportivnoy-ulice/
Бульвар Генерала Карбышева,https://um.mos.ru/places/bulvar-generala-karbysheva/
Улица Маршала Чуйкова,https://um.mos.ru/places/ulitsa-marshala-chuykova/
Аллея молодых семей в Люблине,https://um.mos.ru/places/alleya-molodykh-semey-v-lyubline/
Улица Судакова,https://um.mos.ru/places/ulitsa-sudakova/
Улица Гурьянова,https://um.mos.ru/places/ulitsa-guryanova/
Улица Маргелова,https://um.mos.ru/places/ulitsa-margelova/
Улица Клочкова,https://um.mos.ru/places/ulitsa-klochkova/
Улица Генерала Белова,https://um.mos.ru/places/ulitsa-generala-belova/
Улица Острякова,https://um.mos.ru/places/ulitsa-ostryakova/
Улица Генерала Антонова,https://um.mos.ru/places/ulitsa-generala-antonova/
Улица Говорова,https://um.mos.ru/places/ulitsa-govorova/
Улица Олега Кошевого,https://um.mos.ru/places/ulitsa-olega-koshevogo/
Аптекарский переулок,https://um.mos.ru/places/aptekarskiy-pereulok/
Улица Маресьева,https://um.mos.ru/places/ulitsa-mareseva/
Улица Подольских Курсантов,https://um.mos.ru/places/ulitsa-podolskikh-kursantov/
Улица Трофимова,https://um.mos.ru/places/ulitsa-trofimova/
Улица Паперника,https://um.mos.ru/places/ulitsa-papernika/
Улица Зои Воскресенской,https://um.mos.ru/places/ulitsa-zoi-voskresenskoy/
Улица Богданова,https://um.mos.ru/places/ulitsa-bogdanova/
Улица Лобанова,https://um.mos.ru/places/ulitsa-lobanova/
Улица Генерала Тюленева,https://um.mos.ru/places/ulitsa-generala-tyuleneva/
Улица Генерала Глаголева,https://um.mos.ru/places/ulitsa-generala-glagoleva/
Улица Михайлова,https://um.mos.ru/places/ulitsa-mikhaylova/
Улица Елены Колесовой,https://um.mos.ru/places/ulitsa-eleny-kolesovoy/
Аллея Архитектора Шехтеля,https://um.mos.ru/places/alleya-arhitektora-shehtelya/
Улица Ращупкина,https://um.mos.ru/places/ulitsa-rashchupkina/
Улица Александра Печерского,https://um.mos.ru/places/ulitsa-aleksandra-pecherskogo/
Сквер на площади Академика Курчатова,https://um.mos.ru/places/skver-na-ploshchadi-akademika-kurchatova/
6-й Ростовский переулок,https://um.mos.ru/places/6-y-rostovskiy-pereulok/
Улица Лавриненко,https://um.mos.ru/places/ulitsa-lavrinenko/
Улица Анатолия Живова,https://um.mos.ru/places/ulitsa-anatoliya-zhivova/
Улица Николая Химушина,https://um.mos.ru/places/ulitsa-nikolaya-khimushina/
Улица Медведева,https://um.mos.ru/places/ulitsa-medvedeva/
Улица Липчанского,https://um.mos.ru/places/ulitsa-lipchanskogo/
Улица Генерала Сандалова,https://um.mos.ru/places/ulitsa-generala-sandalova/
Молодогвардейская улица,https://um.mos.ru/places/molodogvardeyskaya-ulitsa/
Аллея 11-ти Героев Саперов,https://um.mos.ru/places/alleya-11-ti-geroev-saperov/
Аллея Славы во Внуково,https://um.mos.ru/places/alleya-slavy-vo-vnukovo/
Парковая зона с беседкой-ротондой в Зеленограде,https://um.mos.ru/places/parkovaya-zona-s-besedkoy-rotondoy-v-zelenograde/
Улица Полбина,https://um.mos.ru/places/ulitsa-polbina/
Улица Недорубова,https://um.mos.ru/places/ulitsa-nedorubova/
Воротниковский переулок,https://um.mos.ru/places/vorotnikovskiy-pereulok/
Улица Молдагуловой,https://um.mos.ru/places/ulitsa-moldagulovoy/
Пешеходная зона на улицах Саморы Машела и Островитянова,https://um.mos.ru/places/peshekhodnaya-zona-na-ulitsakh-samory-mashela-i-ostrovityanova/
Улица Маршала Савицкого,https://um.mos.ru/places/ulitsa-marshala-savitskogo/
Народный парк на улице Новаторов,https://um.mos.ru/places/narodnyy-park-na-ulitse-novatorov+/
Сквер у метро «Люблино»,https://um.mos.ru/places/skver-u-metro-lyublino/
Улица Генерала Ивашутина,https://um.mos.ru/places/ulitsa-generala-ivashutina/
Улица Наташи Качуевской,https://um.mos.ru/places/ulitsa-natashi-kachuevskoy/
Площадь Генерала Жадова,https://um.mos.ru/places/ploshchad-generala-zhadova/
Улица Маршала Шестопалова,https://um.mos.ru/places/ulitsa-marshala-shestopalova/
Панфиловский проспект,https://um.mos.ru/places/panfilovskiy-prospekt/
Болотная площадь,https://um.mos.ru/places/bolotnaya-ploschad/
Район Гагаринский,https://um.mos.ru/places/rayon-gagarinskiy/
Улица Толбухина (Щербинка),https://um.mos.ru/places/ulitsa-tolbukhina/
Улица Маршала Еременко,https://um.mos.ru/places/ulitsa-marshala-eremenko/
Улица Маршала Вершинина,https://um.mos.ru/places/ulitsa-marshala-vershinina/
Улица Логвиненко,https://um.mos.ru/places/ulitsa-logvinenko/
Улица Хлобыстова,https://um.mos.ru/places/ulitsa-khlobystova/
Улица Ватутина,https://um.mos.ru/places/ulitsa-vatutina-zao/
Улица Панфилова,https://um.mos.ru/places/ulitsa-panfilova-panfilovskaya/
Улица Шумилова,https://um.mos.ru/places/ulitsa-shumilova/
Улица Лётчика Павлова,https://um.mos.ru/places/ulitsa-lyetchika-pavlova/
Футбольное поле на Мясницкой,https://um.mos.ru/places/futbolnoe-pole-na-myasnickoy/
Улица Веры Волошиной,https://um.mos.ru/places/ulitsa-very-voloshinoy/
Улица Вострухина,https://um.mos.ru/places/ulitsa-vostrukhina/
Улица Зарянова,https://um.mos.ru/places/ulitsa-zaryanova/
Улица Пивченкова,https://um.mos.ru/places/ulitsa-pivchenkova/
Улица Матросова,https://um.mos.ru/places/ulitsa-matrosova/
Улица Маршала Голованова,https://um.mos.ru/places/ulitsa-marshala-golovanova/
Улица Маршала Кожедуба,https://um.mos.ru/places/ulitsa-marshala-kozheduba/
Сквер у мемориала Маршалу Бирюзову,https://um.mos.ru/places/skver-u-memoriala-marshalu-biryuzovu/
Голиковский переулок,https://um.mos.ru/places/golikovskiy-pereulok/
Улица Панфилова (ЗелАО),https://um.mos.ru/places/ulitsa-panfilova-zelao/
Улица Степана Шутова,https://um.mos.ru/places/ulitsa-stepana-shutova/
2-я Тверская-Ямская улица,https://um.mos.ru/places/2-ya-tverskaya-yamskaya-ulitsa/
Улица Толбухина,https://um.mos.ru/places/ulitsa-tolbukhina-kunc/
Улица Головачёва,https://um.mos.ru/places/ulitsa-golovacheva/
Улица Маршала Полубоярова,https://um.mos.ru/places/ulitsa-marshala-poluboyarova/
Дегтярный переулок,https://um.mos.ru/places/degtyarnyy-pereulok/
Улица Летчика Полагушина,https://um.mos.ru/places/ulitsa-letchika-polagushina/
Улица Василия Ботылева,https://um.mos.ru/places/ulitsa-vasiliya-botyleva/
Площадь Маршала Бабаджаняна,https://um.mos.ru/places/ploshchad-marshala-babadzhanyana/
Улица Ватутина,https://um.mos.ru/places/ulitsa-vatutina/
Улица Дмитриевского,https://um.mos.ru/places/ulitsa-dmitrievskogo/
Улица Маршала Федоренко,https://um.mos.ru/places/ulitsa-marshala-fedorenko/
Улица Маршала Баграмяна,https://um.mos.ru/places/ulitsa-marshala-bagramyana/
Перовский скейт-парк,https://um.mos.ru/places/perovskiy-skeyt-park/
Проезд Толбухина,https://um.mos.ru/places/proezd-tolbukhina/
Проспект Генерала Алексеева,https://um.mos.ru/places/prospekt-generala-alekseeva/
Улица Летчицы Тарасовой,https://um.mos.ru/places/ulitsa-letchitsy-tarasovoy/
Улица Бойчука,https://um.mos.ru/places/ulitsa-boychuka/
Улица Михаила Грешилова,https://um.mos.ru/places/ulitsa-mikhaila-greshilova/
Улица Маршала Воробьева,https://um.mos.ru/places/ulitsa-marshala-vorobeva/
Площадь Московско-Минской дивизии,https://um.mos.ru/places/ploshchad-moskovsko-minskoy-divizii/
Улица Полосухина,https://um.mos.ru/places/ulitsa-polosukhina/
Улица Талалихина (ЮЗАО),https://um.mos.ru/places/ulitsa-talalikhina-yuzao/
Улица Кузнецова,https://um.mos.ru/places/ulitsa-kuznetsova/
Аллея памяти на площади Туманяна,https://um.mos.ru/places/alleya-pamyati-na-ploschadi-tumanyana/
Новинский бульвар,https://um.mos.ru/places/novinskiy-bulvar/
1-я Тверская-Ямская улица,https://um.mos.ru/places/1-ya-tverskaya-yamskaya-ulica/
Композиторская улица,https://um.mos.ru/places/kompozitorskaya-ulica/
Озерковский переулок,https://um.mos.ru/places/ozerkovskiy-pereulok/
Улица Макаренко,https://um.mos.ru/places/ulica-makarenko/
Площадь Варварские ворота,https://um.mos.ru/places/ploschad-varvarskie-vorota/
Лемешевская поляна,https://um.mos.ru/places/lemeshevskaya-polyana/
Улица Вавилова,https://um.mos.ru/places/ulitsa_vavilova/
Большой Николопесковский переулок,https://um.mos.ru/places/bolshoy-nikolopeskovskiy-pereulok/
Крымская набережная,https://um.mos.ru/places/krymskaya-naberezhnaya/
Воронцовская улица,https://um.mos.ru/places/voroncovskaya-ulica/
Пречистенская набережная,https://um.mos.ru/places/prechistenskaya-naberezhnaya/
